cell_id,arm,bars,seed,primary_episodes,primary_capture,primary_crash,primary_timeout,legacy_episodes,legacy_capture,legacy_crash,legacy_timeout,raw_ledger_rows,nonprimary_tail_rows,rows_sha256,duration_s
H_historical__70bars__seed4104,H_historical,70,4104,2048,1875,102,71,2049,1891,105,53,4135,2087,0a274e72ba855c81b9c85990741eb03a12e7fe25340f4ca76617975789656738,360
E0_static__70bars__seed4104,E0_static,70,4104,2048,1737,130,181,2048,1765,127,156,3556,1508,0a1bf878f0b78b3ed1d045d7cec4d8ec5c7a79a4aa457eb90a977fe2e6012772,346
E1_cv__70bars__seed4104,E1_cv,70,4104,2048,1807,125,116,2051,1833,126,92,3492,1444,53c6e9f49b32f0b6dc8e1d4fbf5c49720c58c12aa947ef58f2e32637eae46069,351
E2_obstacle_aware__70bars__seed4104,E2_obstacle_aware,70,4104,2048,1908,119,21,2049,1909,125,15,3627,1579,3dec24fefad7b551360d1cab387e41c0daa1d5da190c230ad6c4c19008bb2ba9,291
H_historical__115bars__seed4104,H_historical,115,4104,2048,1863,121,64,2048,1874,119,55,3065,1017,f82814f5979e99802deb7659c36df50676e4a39c264a51d76535dac218e4ecd4,321
E0_static__115bars__seed4104,E0_static,115,4104,2048,1709,136,203,2048,1747,135,166,3527,1479,33ff47f7defc0492473d1b9ff25fcd0f186e37b0ee573030244be715833b1087,411
E1_cv__115bars__seed4104,E1_cv,115,4104,2048,1806,134,108,2049,1817,139,93,3468,1420,0dc0a8743facd1509aad1a59c52a8d4711e0ab5d1773eb534054e52cbad71086,401
E2_obstacle_aware__115bars__seed4104,E2_obstacle_aware,115,4104,2048,1875,150,23,2049,1882,151,16,3129,1081,c27633347228d6634ab17c9e46eaf14f73e7d12e483b916526bafbdd3dacc95f,296
H_historical__160bars__seed4104,H_historical,160,4104,2048,1775,179,94,2048,1800,175,73,3690,1642,223824210b6b8406ccc4796397ed3d6aadced3a5307f92b684200399ae6b1ed9,433
E0_static__160bars__seed4104,E0_static,160,4104,2048,1692,167,189,2048,1721,178,149,3855,1807,64ec12f35cc9405db05b123fb30caf66aa0cc4c4ff1b7788ea78f6d2f915a99b,492
E1_cv__160bars__seed4104,E1_cv,160,4104,2048,1713,207,128,2048,1731,211,106,3149,1101,9a5f6b60ade32b608176566376e5adf68911035ccc9994012af16a1c5246f7a9,410
E2_obstacle_aware__160bars__seed4104,E2_obstacle_aware,160,4104,2048,1807,194,47,2049,1813,192,44,3263,1215,0e5fec7f276482cd007dee453b585c2094be4045f701a0836b1994a3d86de2fb,361
H_historical__205bars__seed4104,H_historical,205,4104,2048,1682,294,72,2049,1689,303,57,3529,1481,7cb2860d18da54157260a936e0e5a1e876a0ae055d47e567c37b934537709fae,472
E0_static__205bars__seed4104,E0_static,205,4104,2048,1601,289,158,2048,1619,302,127,3132,1084,b0f3da50f33869365e2ac3fd768bed8eb38cb28132bdc7a39acbd970df6a65e2,448
E1_cv__205bars__seed4104,E1_cv,205,4104,2048,1613,351,84,2048,1623,354,71,3412,1364,0c0d6c84fafb66ea37fc0e1f5c38c3bb38e1af1fc31fc6f43c13dc2c7ca3b806,494
E2_obstacle_aware__205bars__seed4104,E2_obstacle_aware,205,4104,2048,1705,312,31,2048,1704,323,21,3248,1200,fb516740aa6719d025a45c92bc8f0a2952414f69d4a5f74f3a9887f5ed596494,413
H_historical__70bars__seed4105,H_historical,70,4105,2048,1866,111,71,2048,1892,105,51,3943,1895,4b0f37a0f59539575708b7fcc7e0ff8fa84c82f33bd2834c5704defe345ceda0,359
E0_static__70bars__seed4105,E0_static,70,4105,2048,1726,137,185,2049,1767,134,148,4080,2032,853675beda410844a862c37644d61de8357cae823c93379c4f7a0e2ed3026222,411
E1_cv__70bars__seed4105,E1_cv,70,4105,2048,1788,143,117,2048,1824,132,92,3510,1462,88ce0e2fabcede02399d27ada9c108e10e2e8dc2cea0ca8b825051d84f8582ed,360
E2_obstacle_aware__70bars__seed4105,E2_obstacle_aware,70,4105,2048,1914,110,24,2049,1921,108,20,3440,1392,7dc43af548837a8b49aa7b32acb13316f91adf364e892b95519ce708822fe032,288
H_historical__115bars__seed4105,H_historical,115,4105,2048,1847,129,72,2048,1858,133,57,3588,1540,5f60372803fec9f577dfbc6d998fc6597ad30a3041a6d58a4a45ed388a0e8865,368
E0_static__115bars__seed4105,E0_static,115,4105,2048,1720,130,198,2048,1766,127,155,3672,1624,5f66c3a4e84aa1774be1bfeec36bd7d6ed8acee13a5bea61354af23ced913759,425
E1_cv__115bars__seed4105,E1_cv,115,4105,2048,1782,159,107,2048,1797,163,88,3381,1333,7c81c009ddc98e2db6a08caa6836408dc04f91f616dbd06dcacf6b8edc6ef612,401
E2_obstacle_aware__115bars__seed4105,E2_obstacle_aware,115,4105,2048,1891,136,21,2050,1897,136,17,3527,1479,07907312b56049b5c40dcc009bd5385101bc3d7000b0a8f4d68a10deec00760f,338
H_historical__160bars__seed4105,H_historical,160,4105,2048,1769,205,74,2048,1788,200,60,3535,1487,a6a30f0891ce200691b23f941f8fa40c2ce2017ff2b2bbcb48011ed57e905d52,413
E0_static__160bars__seed4105,E0_static,160,4105,2048,1673,164,211,2048,1695,163,190,3599,1551,3d8387df98e95e90a861305694354e2c50307294da58e72fd9249c121bfd97b5,485
E1_cv__160bars__seed4105,E1_cv,160,4105,2048,1742,201,105,2048,1753,197,98,3615,1567,416eea993a7e0999ba116ee4fafd46687a444048b5f5162c7e47ef0da56de12d,477
E2_obstacle_aware__160bars__seed4105,E2_obstacle_aware,160,4105,2048,1786,209,53,2050,1790,221,39,3490,1442,6d68bdb00516f7cf2265800813e669b65e31f4bd9137d639527786dec3d9446e,401
H_historical__205bars__seed4105,H_historical,205,4105,2048,1716,272,60,2048,1722,279,47,3271,1223,7481ae93c3bd391a2ffd02664475d34dcc8482d9f8b6ef477e8546066ad3bfee,440
E0_static__205bars__seed4105,E0_static,205,4105,2048,1599,293,156,2051,1612,300,139,3754,1706,be3953f4328bffd1a6bf2c4894e24f3a48fa70bbd4c1b4130ebd8f16a48eb5e8,529
E1_cv__205bars__seed4105,E1_cv,205,4105,2048,1621,340,87,2048,1629,349,70,3302,1254,2f4ab139ce05aefd9caa1bb9706043f91624d73e95a9da8748c1e15953916596,485
E2_obstacle_aware__205bars__seed4105,E2_obstacle_aware,205,4105,2048,1711,307,30,2048,1714,310,24,3385,1337,c84ca06607c2f25b558708d6a7859d148605c98d0acb32adcf70bd7d66c6229f,426
H_historical__70bars__seed4106,H_historical,70,4106,2048,1869,108,71,2049,1884,116,49,3955,1907,c28ae381891c50942aa3eb4723a3f82804c145c1b0d3a68ac76810712f3c0f2c,350
E0_static__70bars__seed4106,E0_static,70,4106,2048,1725,135,188,2048,1765,140,143,3536,1488,91c896b577f5103e5a8544863bfb606c77eb9ed2d1ad2720f4b30bb12fb9a3c5,356
E1_cv__70bars__seed4106,E1_cv,70,4106,2048,1777,122,149,2048,1787,137,124,3430,1382,e08889ac59dabd1b787a9db4eba262a37111adbd56b0b47d7bd334967d2f9158,366
E2_obstacle_aware__70bars__seed4106,E2_obstacle_aware,70,4106,2048,1923,104,21,2050,1928,104,18,3995,1947,f494b40bb74a0cb7c67c8fee46023d32efe8315533b2a4c17832d5f958561d9c,326
H_historical__115bars__seed4106,H_historical,115,4106,2048,1855,142,51,2048,1867,138,43,4356,2308,0ba5392a4345c518330be481ff8d139b3a880114580c89f5bfd77fc459b2a3e1,444
E0_static__115bars__seed4106,E0_static,115,4106,2048,1710,135,203,2048,1745,137,166,3859,1811,f4fec5a3c63082f861104228985ddc8d9dba76259efade5d00db596936fab62d,443
E1_cv__115bars__seed4106,E1_cv,115,4106,2048,1771,152,125,2049,1804,153,92,3644,1596,5f64652e316b0330a8d6d7994e03627ec2bf093a81d80271bb011486fe206ef6,437
E2_obstacle_aware__115bars__seed4106,E2_obstacle_aware,115,4106,2048,1900,126,22,2050,1894,140,16,3462,1414,6044e4d654c33214eb4ec31c8758654ce991bab9a7ae4bbdcc38f505bcb55d5b,332
H_historical__160bars__seed4106,H_historical,160,4106,2048,1799,182,67,2049,1808,192,49,4172,2124,f86c08c2729d3e58ab4544aa315d23dafcad5bff9ddd52418ef42b32305440df,494
E0_static__160bars__seed4106,E0_static,160,4106,2048,1680,173,195,2048,1717,177,154,3494,1446,8bf70a86a513f14858768a56dbb119d86a684f41b8421fa5a2ed2f670945b2d2,460
E1_cv__160bars__seed4106,E1_cv,160,4106,2048,1710,212,126,2048,1723,215,110,3428,1380,4691d2200308dbda7cd32d26240e3bd43f1671e4254c68623d42c6ea8cc55001,455
E2_obstacle_aware__160bars__seed4106,E2_obstacle_aware,160,4106,2048,1813,180,55,2049,1817,184,48,3766,1718,179e28f1315f36e3cf44cbb8ac7b551394920f3cdc96d617c4accfba9944b0d7,422
H_historical__205bars__seed4106,H_historical,205,4106,2048,1646,325,77,2048,1652,331,65,3402,1354,69bfc1d8b353b4294a503fa94a6737dbe3a31995f3a1c68b1748640c288722df,456
E0_static__205bars__seed4106,E0_static,205,4106,2048,1619,272,157,2048,1636,284,128,3278,1230,0d3931a711bc3dd84852ecdb18dd15591e07f699f3097e14cbf442f1e6e165bd,475
E1_cv__205bars__seed4106,E1_cv,205,4106,2048,1614,360,74,2048,1613,371,64,3595,1547,0f2e0bcd90046ecec88e2e1eb253cc7b382122cff50d6def4333112bfcd33f60,525
E2_obstacle_aware__205bars__seed4106,E2_obstacle_aware,205,4106,2048,1731,294,23,2049,1743,289,17,3069,1021,4f16bf90280fc0756abf7a91306eb643fc63ce5d13e35c012c74c5f2dfe51198,388
H_historical__70bars__seed4107,H_historical,70,4107,2048,1860,131,57,2049,1874,132,43,3583,1535,6e5a561cc5874cc5507984bcc342af1fb09577c21123ef12815a28baafedf3d9,322
E0_static__70bars__seed4107,E0_static,70,4107,2048,1759,114,175,2048,1808,106,134,3553,1505,706eb17aa35d2c018d546b9943d181cb19e18684f47168467ae7a03de549f08d,349
E1_cv__70bars__seed4107,E1_cv,70,4107,2048,1793,137,118,2048,1822,136,90,3643,1595,2f67d0e7a01bab804247b1e7518b8cae385a283cd3b1e24040a5be33c6edb5b6,386
E2_obstacle_aware__70bars__seed4107,E2_obstacle_aware,70,4107,2048,1922,108,18,2048,1922,114,12,3463,1415,5f50d3eb431fb4b67326985fb593ae4dd4eb653cf93fe34e2cf8d239ea5e6b47,279
H_historical__115bars__seed4107,H_historical,115,4107,2048,1854,137,57,2049,1863,146,40,3496,1448,4c3a8c1c0bc92224c544fd4d1516baaca280e5e92a16731c5c7cd85bee09b2f3,356
E0_static__115bars__seed4107,E0_static,115,4107,2048,1744,111,193,2049,1761,120,168,4072,2024,6f0ed53c293b29c5d0e08caf6832d3358d7da468d9c90c7b5d056eff98ca97d6,467
E1_cv__115bars__seed4107,E1_cv,115,4107,2048,1756,157,135,2048,1779,164,105,3452,1404,c76578d2f8fbd3381df81e7bd23df8ba86d1ad38b032cdb06fe2b05dfbf49aed,418
E2_obstacle_aware__115bars__seed4107,E2_obstacle_aware,115,4107,2048,1891,133,24,2048,1894,137,17,3509,1461,dd2f2c80c3a201b2e51d7145a959aaacd308a54e888d71a36174a31883881571,331
H_historical__160bars__seed4107,H_historical,160,4107,2048,1790,179,79,2049,1796,187,66,3432,1384,4255833acf4a032c5639d37d61001d7112a5f70d15dc4ea9fb7d5627ed47d57c,405
E0_static__160bars__seed4107,E0_static,160,4107,2048,1724,153,171,2049,1749,162,138,3815,1767,edc08d99ffc0a8a6d8410dc85fb1202dd4aafe8d867d2725755aa6ee02e55553,494
E1_cv__160bars__seed4107,E1_cv,160,4107,2048,1729,208,111,2048,1738,221,89,3391,1343,83abb14a5ff1dc4d1642a04c9ed4f971639a5c6637ca6b35bd993b2084983222,453
E2_obstacle_aware__160bars__seed4107,E2_obstacle_aware,160,4107,2048,1787,208,53,2049,1799,214,36,3220,1172,9de1039a0f6175ebf6df7f16400a9034985e15078cb97a7ac1bf17639a294070,370
H_historical__205bars__seed4107,H_historical,205,4107,2048,1697,288,63,2048,1700,297,51,3420,1372,c41a48b3097830014c4706000c5762d08aa5cf81db2976615cea3e20fe80108b,455
E0_static__205bars__seed4107,E0_static,205,4107,2048,1624,283,141,2048,1639,290,119,3226,1178,77b011811672e788225535e9341c0072c61f6930be1b88c57ccedcac436dc99e,459
E1_cv__205bars__seed4107,E1_cv,205,4107,2048,1633,337,78,2049,1632,357,60,3165,1117,3e749bcf10fe5e9b071aab433874af9c6f2cfe4f29533c4f2280f4085f30595d,470
E2_obstacle_aware__205bars__seed4107,E2_obstacle_aware,205,4107,2048,1697,322,29,2049,1706,320,23,3183,1135,7437f206858841ab69ea58dc2c52ff49d395df42ba6b619f08131c550418952d,411
H_historical__70bars__seed4108,H_historical,70,4108,2048,1864,126,58,2050,1885,122,43,3310,1262,938e5ce44ab5735b21260e2f1b0f6b405975952a7cfd5679a38110bf233a6428,294
E0_static__70bars__seed4108,E0_static,70,4108,2048,1727,125,196,2048,1767,125,156,3932,1884,4f8c2a8c661ec4017569e8080796ecc6c8f296be6667f86e887fe9a10e66343c,396
E1_cv__70bars__seed4108,E1_cv,70,4108,2048,1790,149,109,2048,1818,144,86,4122,2074,49cf933718a5e8e1de0be67fc3259fdc6a5fbbf40ee5a71f1cca99843f69bf72,427
E2_obstacle_aware__70bars__seed4108,E2_obstacle_aware,70,4108,2048,1912,115,21,2050,1924,111,15,3477,1429,790199a57e9c1e9bc12376215301b92e02facd5eef041793a7545a17f0e63773,282
H_historical__115bars__seed4108,H_historical,115,4108,2048,1833,143,72,2048,1841,149,58,3626,1578,e9f8108281aed3b43967692ebc8b9046369251efc9bbbd23c4dfd027a3aa4a5e,381
E0_static__115bars__seed4108,E0_static,115,4108,2048,1724,141,183,2048,1762,133,153,3689,1641,d4a7610aaa9239936b6ca5a54b69f8e6d848890b106604f6cd72f25a8974df6f,422
E1_cv__115bars__seed4108,E1_cv,115,4108,2048,1793,156,99,2048,1808,159,81,4014,1966,978608fcc999790a2ba18a0bc9ad8c5fcfc59258cf91f065750f5056eb1ec8fe,477
E2_obstacle_aware__115bars__seed4108,E2_obstacle_aware,115,4108,2048,1899,130,19,2048,1904,129,15,3942,1894,383b9a1cc9cc1d6bf506246f920190876913b0df96a85d1522603b537a43827b,373
H_historical__160bars__seed4108,H_historical,160,4108,2048,1798,187,63,2049,1802,192,55,3448,1400,6e3d0b4212787c32649a0ed318f04bcf8aa5a23ccc1a0c050691856d623a3cdc,410
E0_static__160bars__seed4108,E0_static,160,4108,2048,1684,173,191,2048,1712,176,160,3455,1407,b980d416a635f67f6a649753d45fbc6e8376b83dba70ad4124df026e6bbfd6fa,458
E1_cv__160bars__seed4108,E1_cv,160,4108,2048,1701,202,145,2048,1719,209,120,3559,1511,8b7fd95094996c1af27128769cf7768114522585943c08bc4863269c2684a34e,478
E2_obstacle_aware__160bars__seed4108,E2_obstacle_aware,160,4108,2048,1796,212,40,2048,1799,221,28,3225,1177,241d64bdddb64c682a1672a0e807411c079c13c1cf515d423d2c38957adbbee6,363
H_historical__205bars__seed4108,H_historical,205,4108,2048,1712,288,48,2049,1726,285,38,3674,1626,9ad4961dda25d3bda9347c996ef600ff74e53c323ac0dec5c2f4ff073e5252a1,478
E0_static__205bars__seed4108,E0_static,205,4108,2048,1610,292,146,2048,1628,297,123,3926,1878,e63ea8d733d79d9346f1b7650893cc848317480968718634a0f99b3feefa29b9,558
E1_cv__205bars__seed4108,E1_cv,205,4108,2048,1623,311,114,2049,1636,319,94,3276,1228,62e14794d77e632b923056a42652bed2bbcde0b590b975dca06b885baebb28dd,482
E2_obstacle_aware__205bars__seed4108,E2_obstacle_aware,205,4108,2048,1676,347,25,2048,1673,355,20,3251,1203,6fa4d3b100d8bd1ecb62300ea263e13eacffefffba0c15e1510563de465665e4,412
H_historical__70bars__seed4109,H_historical,70,4109,2048,1897,94,57,2048,1894,105,49,3451,1403,4a921aa773d4cbbf7f23668637c74878e3407fb6ce35a7069c261547cb498c57,314
E0_static__70bars__seed4109,E0_static,70,4109,2048,1709,150,189,2049,1745,155,149,4363,2315,11bdcf90bb1287129e0478addf1b7aa5d0cf10b3ef6d1541f5b5baa8a0844168,433
E1_cv__70bars__seed4109,E1_cv,70,4109,2048,1776,152,120,2048,1798,148,102,3652,1604,71e71e5473bdfab55eb9def9cfe6daa97742e198ab10985cd1d759afe1b8ddc6,388
E2_obstacle_aware__70bars__seed4109,E2_obstacle_aware,70,4109,2048,1918,104,26,2048,1921,107,20,3467,1419,c2f360164041ea783ccbc5f4b7fc0561b8bcdc5b5fddec5b764d8ba81859db5e,288
H_historical__115bars__seed4109,H_historical,115,4109,2048,1848,134,66,2048,1863,131,54,3536,1488,1bd2c7963a2b109620bca6c0084ca1f4b42cfa486ac90b6a2d2fa3d85ce18dd6,368
E0_static__115bars__seed4109,E0_static,115,4109,2048,1706,122,220,2048,1746,114,188,3434,1386,29360da829011ce17554532dc1f3d546f2b0156ef83a98399031ff54902918d3,410
E1_cv__115bars__seed4109,E1_cv,115,4109,2048,1766,165,117,2048,1794,163,91,3677,1629,d49cb9c73817ef516dfd905403f1437b9494f93e5602e6c231980504363c1d70,438
E2_obstacle_aware__115bars__seed4109,E2_obstacle_aware,115,4109,2048,1873,142,33,2048,1886,141,21,3406,1358,e346267168238f5beb6a2476e1f76d6dabfaa79d1024fe9509b869873e4de208,323
H_historical__160bars__seed4109,H_historical,160,4109,2048,1776,190,82,2048,1777,200,71,3637,1589,076a654fcb188488f6053e85646f1eb07147d4eeb232d894ca162bd910eef54d,437
E0_static__160bars__seed4109,E0_static,160,4109,2048,1663,171,214,2048,1692,174,182,3713,1665,9b39395aac2a8e89a53e6d0a904804e1df23d5921c19cee03867f9dae2ad0947,497
E1_cv__160bars__seed4109,E1_cv,160,4109,2048,1734,190,124,2048,1744,194,110,3497,1449,8c86affa54a34aace3968f1e6b68f35fabe7eb619b8a0fd7cc5bc76336ae6810,470
E2_obstacle_aware__160bars__seed4109,E2_obstacle_aware,160,4109,2048,1783,212,53,2048,1807,201,40,3463,1415,26e2d5a9bc814b2deaae9453683aee167daa10b9781faa12307f1252aa9e55c5,402
H_historical__205bars__seed4109,H_historical,205,4109,2048,1694,281,73,2048,1696,290,62,3831,1783,3044ea2ce7741e4557ad7bc9f1524624957a070c1d7a6e4bd6479686368d4274,510
E0_static__205bars__seed4109,E0_static,205,4109,2048,1628,270,150,2051,1666,265,120,3431,1383,a904fd5fc83fb2d685c58792d1045281f25c5975d73f1d7d22e57dc8f819441f,498
E1_cv__205bars__seed4109,E1_cv,205,4109,2048,1593,354,101,2048,1607,349,92,3253,1205,457ba30c2f06c69485d0d7e6ae57b619e831c49bd1931895068d5716db5ebfc9,481
E2_obstacle_aware__205bars__seed4109,E2_obstacle_aware,205,4109,2048,1706,318,24,2048,1707,324,17,3551,1503,54272b341372d32ce5cec32270d709f8ab4d584b2e58a75ee47f6170e16d5e54,446
H_historical__70bars__seed4110,H_historical,70,4110,2048,1899,91,58,2049,1902,106,41,3579,1531,874a72e53d5a1631bf4c6fcd9f4e2aabfe25582f4ab04bc771769c7bf3cee132,322
E0_static__70bars__seed4110,E0_static,70,4110,2048,1738,113,197,2048,1774,120,154,4189,2141,859006d86b9828d51e698e69868d6b1dae7bc47585763cf51dfc9813ef61f3a8,423
E1_cv__70bars__seed4110,E1_cv,70,4110,2048,1772,146,130,2048,1803,141,104,3682,1634,47257153a3947715ff59cbf75f15c07a95b8af0bdce90ab639d4743f4c499868,379
E2_obstacle_aware__70bars__seed4110,E2_obstacle_aware,70,4110,2048,1911,114,23,2049,1927,108,14,3429,1381,f5ce9a8c83df20dce9c974227657608c035e2acb5011310f5f0cb17ba4a4e1d9,279
H_historical__115bars__seed4110,H_historical,115,4110,2048,1826,153,69,2048,1842,152,54,3207,1159,823adc644cc1f85b416af96e05c88667251b7855b1a236ce91ffcadf1a4f1530,334
E0_static__115bars__seed4110,E0_static,115,4110,2048,1745,119,184,2049,1775,123,151,3469,1421,51dbbc2ba33a731c523cbcacbe2ef615007dc98c478b1bda24de85a597a5e9b8,400
E1_cv__115bars__seed4110,E1_cv,115,4110,2048,1784,148,116,2048,1803,153,92,3672,1624,358b62861283c341c90a79c4979d444bf3faf55b80157a9cc59669a2d19904bb,439
E2_obstacle_aware__115bars__seed4110,E2_obstacle_aware,115,4110,2048,1876,137,35,2049,1884,139,26,3610,1562,26340f0ba55ab107ef2a012b2d652480f80a30547bb0fe7d6feb8f8f25a3064f,345
H_historical__160bars__seed4110,H_historical,160,4110,2048,1763,209,76,2048,1770,221,57,3609,1561,a2d68becbb924d04a4bf459ffd146a6efaf6aea52f8067b2f16f35af245c78e1,421
E0_static__160bars__seed4110,E0_static,160,4110,2048,1693,174,181,2048,1725,172,151,3308,1260,749a93ecc6b213001751b209565c2a51fe348b4f7b46e310bfbf90caa5b50d07,428
E1_cv__160bars__seed4110,E1_cv,160,4110,2048,1720,216,112,2048,1739,218,91,3430,1382,1c90178cee0744bc0465978e8677ff16a11e22910d4734ac9448d2a544b8af00,453
E2_obstacle_aware__160bars__seed4110,E2_obstacle_aware,160,4110,2048,1797,200,51,2049,1805,205,39,3232,1184,65a42d278dddbcb0439e6575e1cabd305f4a3c3e3cc04a5dffb5c0b7b43ae4a6,369
H_historical__205bars__seed4110,H_historical,205,4110,2048,1653,328,67,2048,1668,325,55,3376,1328,fc7b58462cd1017b41cdb42fbc2f17ab1e713e0d9cc4ddbf6de4b636bb6b32ed,446
E0_static__205bars__seed4110,E0_static,205,4110,2048,1578,306,164,2048,1618,292,138,3468,1420,2676c6863a8ab7af6d0416578f3d9495ee49861b961a7dda66f6b45493455ce7,498
E1_cv__205bars__seed4110,E1_cv,205,4110,2048,1643,324,81,2048,1656,326,66,3065,1017,e3d0dafcac56f74e6ba908b6a27f2aa6c3aeaef17d463ae0448406017051c220,446
E2_obstacle_aware__205bars__seed4110,E2_obstacle_aware,205,4110,2048,1695,329,24,2048,1685,345,18,3573,1525,d05a9b879d8edbc4b287e4ebe09524c3135838c0fdc1086e5d432260522d16b1,447
